brand,image,name,price
Miraan,https://m.media-amazon.com/images/I/81uTb5UwUgL._AC_UL400_.jpg,Men's Long Sleeve Casual Denim Shirt (SIGDENIM),599
Dennis Lingo,https://m.media-amazon.com/images/I/71SajCEdvTL._AC_UL400_.jpg,Men's Denim Solid Casual Shirt,699
Dennis Lingo,https://m.media-amazon.com/images/I/81Ey+UJyIIL._AC_UL400_.jpg,Men Casual Shirt,700
The Souled Store,https://m.media-amazon.com/images/I/71ugy2E0HcL._AC_UL400_.jpg,Men Classic Denim Shirt: Raw Blue Solid Shirts Shirt for Men Casual Half Sleeves Regular Fit Printed Stylish Latest Cotton Summer Branded Wrinkle Free Trending Trendy Summe,"1,679"
Dennis Lingo,https://m.media-amazon.com/images/I/81G5PSDIy7L._AC_UL400_.jpg,Men's Slim Fit Casual Shirt,775
Miraan,https://m.media-amazon.com/images/I/81cTy-KONwL._AC_UL400_.jpg,Women's Long Sleeve Casual Denim Shirt (SIGWOMANDENIM),599
OJASS,https://m.media-amazon.com/images/I/71gs8tvJ63S._AC_UL400_.jpg,Men's Regular Fit Casual Denim Shirt,538
Amazon Brand - INKAST,https://m.media-amazon.com/images/I/91zVzlGDADL._AC_UL400_.jpg,Men's Slim Fit Casual Shirt,691
GS GRAND STITCH,https://m.media-amazon.com/images/I/41GuOqIqxBL._AC_UL400_.jpg,Mens Denim Double Pocket Full Sleeve Shirt,499
Amazon Brand - INKAST,https://m.media-amazon.com/images/I/81mmcPKlvJL._AC_UL400_.jpg,Men Printed Half Sleeve Viscose Shirt (Regular Fit),599
Marks & Spencer,https://m.media-amazon.com/images/I/518IaJ3BfAL._AC_UL400_.jpg,Men Shirt,"2,325"
INKD,https://m.media-amazon.com/images/I/71ykKkuBZPL._AC_UL400_.jpg,Men's Lightweight Denim Shirt,849
U.S. POLO ASSN.,https://m.media-amazon.com/images/I/71YbuGtR9nL._AC_UL400_.jpg,Denim Causal Shirt,"2,699"
Dennis Lingo,https://m.media-amazon.com/images/I/61Z4RuwOZeL._AC_UL400_.jpg,Men's Washed Denim Casual Shirt with Pocket,799
Dennis Lingo,https://m.media-amazon.com/images/I/91W0ooTjFpL._AC_UL400_.jpg,Men's Solid Slim Fit Casual Shirt,625
Marks & Spencer,https://m.media-amazon.com/images/I/91bBQ7bZljL._AC_UL400_.jpg,Men Shirt,"2,560"
AJ DEZINES,https://m.media-amazon.com/images/I/81fHJGDl+jL._AC_UL400_.jpg,Kids Solid Denim Shirt for Boys,639
Regrowth,https://m.media-amazon.com/images/I/61UOZt077nL._AC_UL400_.jpg,Men Denim Casual Regular Fit Shirt,599
STREETKING,https://m.media-amazon.com/images/I/41InTL0d5cL._AC_UL400_.jpg,Street King Men Denim Casual Regular Fit Full Sleeves Shirt,689
Amazon Brand - INKAST,https://m.media-amazon.com/images/I/71ssF1s7V1L._AC_UL400_.jpg,Men Casual Shirt,799
Ben Martin,https://m.media-amazon.com/images/I/71U0f94Dy0L._AC_UL400_.jpg,Men's Slim Fit Mandarin Collar Full Sleeve Denim Casual Shirt,629
Urbano Fashion,https://m.media-amazon.com/images/I/61fKlTXfibL._AC_UL400_.jpg,Men's Denim Full Sleeve Slim Fit Washed Casual Shirt,799
Wrangler,https://m.media-amazon.com/images/I/81ySAcsADQL._AC_UL400_.jpg,Men Shirts,"1,429"
Pepe Jeans,https://m.media-amazon.com/images/I/7114DgbeElL._AC_UL400_.jpg,Men Shirt,"1,529"
Pepe Jeans,https://m.media-amazon.com/images/I/612aHH1kCuL._AC_UL400_.jpg,Men's Hank Long Sleeves Denim Shirt,"1,949"
Amazon Brand - INKAST,https://m.media-amazon.com/images/I/81EldXaltNL._AC_UL400_.jpg,Men Casual Shirt,699
GRAND STITCH,https://m.media-amazon.com/images/I/41pTZaYlQnL._AC_UL400_.jpg,Mens Denim Double Pocket Full Sleeve Shirt,499
Van Heusen,https://m.media-amazon.com/images/I/61Czwa4if4L._AC_UL400_.jpg,Men's Slim Fit Shirt,"1,679"
Dennis Lingo,https://m.media-amazon.com/images/I/51yIybqYFTL._AC_UL400_.jpg,Men's Solid Slim Fit Cotton Casual Shirt with Spread Collar & Full Sleeves,573
Pepe Jeans,https://m.media-amazon.com/images/I/71D4qRhZc2L._AC_UL400_.jpg,Men's Regular Fit Shirts,"1,550"
Pepe Jeans,https://m.media-amazon.com/images/I/619ojLCQf1L._AC_UL400_.jpg,Men Shirt,"2,384"
Pepe Jeans,https://m.media-amazon.com/images/I/51hf4arQGQL._AC_UL400_.jpg,Men's Hank Long Sleeves Denim Shirt,"2,092"
Pepe Jeans,https://m.media-amazon.com/images/I/61uG65URXvL._AC_UL400_.jpg,Women's Regular Fit Solid Shirt Style Top,"1,197"
Amazon Brand - INKAST,https://m.media-amazon.com/images/I/719Qtn9i1yL._AC_UL400_.jpg,Men Casual Shirt,698
Pepe Jeans,https://m.media-amazon.com/images/I/61GUe-iOH+L._AC_UL400_.jpg,Men's Hank Regular Fit Denim Shirt,"2,249"
Jack & Jones,https://m.media-amazon.com/images/I/71uUECl5hFL._AC_UL400_.jpg,Men Shirt,"2,249"
Dennis Lingo,https://m.media-amazon.com/images/I/31Uy4u+AI+L._AC_UL400_.jpg,Men's Solid Slim Fit Casual Shirt,489
Amazon Brand - INKAST,https://m.media-amazon.com/images/I/71WyMLzV+0L._AC_UL400_.jpg,Men Casual Shirt,749
Kuons Avenue,https://m.media-amazon.com/images/I/61AmpnoNC5L._AC_UL400_.jpg,Men's Slim Fit Half Sleeve Denim Shirt,999
Pepe Jeans,https://m.media-amazon.com/images/I/51p2nvcvTuL._AC_UL400_.jpg,Men's Hank Regular Fit Denim Shirt,"2,731"
Amazon Brand - INKAST,https://m.media-amazon.com/images/I/81FPwnSfn0L._AC_UL400_.jpg,Men Shirt,678
Wrangler,https://m.media-amazon.com/images/I/81t7vw+JhDL._AC_UL400_.jpg,Men's Regular Fit Shirt,"1,750"
Amazon Brand - INKAST,https://m.media-amazon.com/images/I/81Pep-ZGWyL._AC_UL400_.jpg,Men Casual Shirt,699
Amazon Brand - INKAST,https://m.media-amazon.com/images/I/713mrCUs0WL._AC_UL400_.jpg,Men Casual Shirt,679
ONLY,https://m.media-amazon.com/images/I/71A8tfgiFiL._AC_UL400_.jpg,Women Shirt,"1,650"
Wrangler,https://m.media-amazon.com/images/I/71LitksA0bL._AC_UL400_.jpg,Riggs Workwear Men's Denim Work Shirt,"2,478"
Urbano Fashion,https://m.media-amazon.com/images/I/81Xjc7t3QRL._AC_UL400_.jpg,Men's Full Sleeve Slim Fit Casual Denim Shirt,719
Marks & Spencer,https://m.media-amazon.com/images/I/61XeYPDZEYL._AC_UL400_.jpg,Denim Collared Pintuck Shirt,"1,471"
